family,category
Roboto,sans-serif
Open Sans,sans-serif
Google Sans,sans-serif
Inter,sans-serif
Montserrat,sans-serif
Poppins,sans-serif
Noto Sans JP,sans-serif
Lato,sans-serif
Roboto Condensed,sans-serif
Arimo,sans-serif
Oswald,sans-serif
Noto Sans,sans-serif
DM Sans,sans-serif
Raleway,sans-serif
Nunito,sans-serif
Nunito Sans,sans-serif
Playfair Display,serif
Rubik,sans-serif
Roboto Slab,serif
Archivo Black,sans-serif
Noto Sans KR,sans-serif
Ubuntu,sans-serif
Kanit,sans-serif
Manrope,sans-serif
Outfit,sans-serif
Merriweather,serif
Work Sans,sans-serif
Lora,serif
Prompt,sans-serif
Black Ops One,display
Noto Sans TC,sans-serif
Bebas Neue,sans-serif
PT Sans,sans-serif
Saira,sans-serif
Mulish,sans-serif
Figtree,sans-serif
Plus Jakarta Sans,sans-serif
Bricolage Grotesque,sans-serif
Barlow,sans-serif
Source Sans 3,sans-serif
Share Tech,sans-serif
Quicksand,sans-serif
Smooch Sans,sans-serif
Karla,sans-serif
IBM Plex Sans,sans-serif
Jost,sans-serif
Archivo,sans-serif
Heebo,sans-serif
Fira Sans,sans-serif
Noto Serif,serif
Titillium Web,sans-serif
Space Grotesk,sans-serif
Fjalla One,sans-serif
Libre Baskerville,serif
Noto Color Emoji,sans-serif
PT Serif,serif
Noto Sans SC,sans-serif
Cormorant Garamond,serif
Dancing Script,handwriting
Lobster Two,display
Noto Serif JP,serif
Libre Franklin,sans-serif
Changa One,display
Alfa Slab One,display
Barlow Condensed,sans-serif
Public Sans,sans-serif
Anton,sans-serif
EB Garamond,serif
Josefin Sans,sans-serif
Instrument Serif,serif
Nanum Gothic,sans-serif
Google Sans Flex,sans-serif
Sora,sans-serif
Lilita One,display
Assistant,sans-serif
Schibsted Grotesk,sans-serif
Inter Tight,sans-serif
Cairo,sans-serif
Lexend,sans-serif
Cabin,sans-serif
Mukta,sans-serif
M PLUS Rounded 1c,sans-serif
Dosis,sans-serif
Hind Siliguri,sans-serif
Bitter,serif
Noto Sans Telugu,sans-serif
Fraunces,serif
Roboto Flex,sans-serif
Ramabhadra,sans-serif
Urbanist,sans-serif
Exo 2,sans-serif
Anek Telugu,sans-serif
Noto Sans Khmer,sans-serif
Red Hat Display,sans-serif
Geist,sans-serif
Rajdhani,sans-serif
DM Serif Display,serif
Caveat,handwriting
Hind,sans-serif
Orbitron,sans-serif
Oxygen,sans-serif
Fredoka,sans-serif
Overpass,sans-serif
Crimson Text,serif
Instrument Sans,sans-serif
Source Serif 4,serif
Bungee,display
Slabo 27px,serif
Pacifico,handwriting
Cinzel,serif
Tajawal,sans-serif
Barlow Semi Condensed,sans-serif
Merriweather Sans,sans-serif
Arvo,serif
PT Sans Narrow,sans-serif
Lobster,display
Noto Sans Thai,sans-serif
Gravitas One,display
Teko,sans-serif
Comfortaa,display
Abel,sans-serif
M PLUS 1p,sans-serif
Noto Sans Arabic,sans-serif
Newsreader,serif
Bodoni Moda,serif
Domine,serif
Hanken Grotesk,sans-serif
Asap,sans-serif
Be Vietnam Pro,sans-serif
Zen Kaku Gothic New,sans-serif
Chakra Petch,sans-serif
Maven Pro,sans-serif
Alumni Sans,sans-serif
Abril Fatface,display
ABeeZee,sans-serif
Shadows Into Light,handwriting
Lexend Deca,sans-serif
Play,sans-serif
Questrial,sans-serif
Zilla Slab,serif
Onest,sans-serif
Albert Sans,sans-serif
Rethink Sans,sans-serif
Almarai,sans-serif
Archivo Narrow,sans-serif
Marcellus,serif
IBM Plex Serif,serif
Varela Round,sans-serif
Nanum Myeongjo,serif
Exo,sans-serif
League Spartan,sans-serif
Great Vibes,handwriting
Epilogue,sans-serif
Satisfy,handwriting
Noto Serif TC,serif
Cormorant,serif
Spectral,serif
Noto Sans Tamil,sans-serif
Zen Maru Gothic,sans-serif
Indie Flower,handwriting
Syne,sans-serif
Geologica,sans-serif
Frank Ruhl Libre,serif
Unbounded,sans-serif
Crimson Pro,serif
Sofia Sans,sans-serif
Permanent Marker,handwriting
Saira Condensed,sans-serif
Sarabun,sans-serif
Kalam,handwriting
Yellowtail,handwriting
Noto Serif SC,serif
Angkor,display
Alegreya Sans,sans-serif
Noto Serif KR,serif
Vollkorn,serif
Viga,sans-serif
Roboto Serif,serif
Amiri,serif
Atkinson Hyperlegible,sans-serif
Press Start 2P,display
Zeyada,handwriting
News Cycle,sans-serif
Yanone Kaffeesatz,sans-serif
IBM Plex Sans Arabic,sans-serif
Literata,serif
Baloo 2,display
Luckiest Guy,display
Righteous,display
LINE Seed JP,sans-serif
Sanchez,serif
Hammersmith One,sans-serif
Fira Sans Condensed,sans-serif
Catamaran,sans-serif
Noto Kufi Arabic,sans-serif
Oleo Script,display
Shippori Mincho,serif
Montserrat Alternates,sans-serif
Antic Slab,serif
Signika,sans-serif
Russo One,sans-serif
Khand,sans-serif
Prata,serif
Rowdies,display
DM Serif Text,serif
Cardo,serif
Tinos,serif
Bree Serif,serif
Gothic A1,sans-serif
Red Hat Text,sans-serif
Aleo,serif
Noto Sans Display,sans-serif
Baskervville,serif
Readex Pro,sans-serif
Playfair,serif
Chivo,sans-serif
Acme,sans-serif
Amatic SC,handwriting
Sawarabi Mincho,serif
Crete Round,serif
Kumbh Sans,sans-serif
Alegreya,serif
Lexend Giga,sans-serif
Bangers,display
Alata,sans-serif
Allura,handwriting
Noto Sans Devanagari,sans-serif
Titan One,display
Changa,sans-serif
Special Elite,display
Delius,handwriting
Tenor Sans,sans-serif
Libre Caslon Text,serif
Noto Naskh Arabic,serif
Courgette,handwriting
Advent Pro,sans-serif
Andada Pro,serif
Comic Neue,handwriting
Kaushan Script,handwriting
Sawarabi Gothic,sans-serif
BIZ UDPGothic,sans-serif
Cantarell,sans-serif
Old Standard TT,serif
Patua One,display
Noticia Text,serif
Golos Text,sans-serif
Passion One,display
Sacramento,handwriting
Zen Old Mincho,serif
League Gothic,sans-serif
Creepster,display
Hind Madurai,sans-serif
Chelsea Market,display
Sofia Sans Condensed,sans-serif
Francois One,sans-serif
Sen,sans-serif
Unica One,display
Yantramanav,sans-serif
Philosopher,sans-serif
Patrick Hand,handwriting
Neuton,serif
PT Sans Caption,sans-serif
Kosugi Maru,sans-serif
Noto Nastaliq Urdu,serif
Cookie,handwriting
Quattrocento,serif
Martel,serif
Commissioner,sans-serif
Rokkitt,serif
Audiowide,display
Signika Negative,sans-serif
Antonio,sans-serif
IBM Plex Sans Condensed,sans-serif
Bai Jamjuree,sans-serif
Oxanium,display
Gruppo,sans-serif
Paytone One,sans-serif
Actor,sans-serif
STIX Two Text,serif
Josefin Slab,serif
Noto Sans Bengali,sans-serif
Ubuntu Condensed,sans-serif
Didact Gothic,sans-serif
Nanum Gothic Coding,handwriting
Fugaz One,display
Alexandria,sans-serif
Rock Salt,handwriting
Unna,serif
Playfair Display SC,serif
Biryani,sans-serif
Libre Bodoni,serif
Quattrocento Sans,sans-serif
Krub,sans-serif
Amaranth,sans-serif
Gabarito,display
Forum,display
Tangerine,handwriting
Gilda Display,serif
Jura,sans-serif
M PLUS 1,sans-serif
Quantico,sans-serif
Berkshire Swash,handwriting
Alex Brush,handwriting
Black Han Sans,sans-serif
Rammetto One,display
Gloria Hallelujah,handwriting
Italianno,handwriting
Concert One,display
Yeseva One,display
Arsenal,sans-serif
Homemade Apple,handwriting
Faustina,serif
Pinyon Script,handwriting
Playball,display
Cinzel Decorative,display
Radio Canada,sans-serif
Chango,display
Dela Gothic One,display
Architects Daughter,handwriting
Poiret One,display
Ubuntu Sans,sans-serif
Abhaya Libre,serif
El Messiri,sans-serif
Noto Sans Hebrew,sans-serif
Lustria,serif
Goldman,display
Vazirmatn,sans-serif
Pathway Gothic One,sans-serif
Eater,display
Hind Guntur,sans-serif
Staatliches,display
Noto Sans HK,sans-serif
Asap Condensed,sans-serif
Noto Serif Bengali,serif
IBM Plex Sans Thai,sans-serif
Istok Web,sans-serif
Merienda,handwriting
Lusitana,serif
Parisienne,handwriting
Sorts Mill Goudy,serif
Reenie Beanie,handwriting
Gelasio,serif
Mitr,sans-serif
Volkhov,serif
Cormorant Infant,serif
GFS Didot,serif
Noto Sans Malayalam,sans-serif
Lalezar,sans-serif
Saira Extra Condensed,sans-serif
Nanum Pen Script,handwriting
Monda,sans-serif
Vidaloka,serif
Petrona,serif
Saira Semi Condensed,sans-serif
Belleza,sans-serif
Michroma,sans-serif
Ropa Sans,sans-serif
Averia Serif Libre,display
Eczar,serif
Hind Vadodara,sans-serif
Afacad,sans-serif
Blinker,sans-serif
Noto Serif Display,serif
Noto Sans Symbols,sans-serif
Mr Dafoe,handwriting
Syncopate,sans-serif
Varela,sans-serif
Mate,serif
Host Grotesk,sans-serif
Dongle,sans-serif
Mukta Malar,sans-serif
Sofia Sans Extra Condensed,sans-serif
Six Caps,sans-serif
Caveat Brush,handwriting
Reddit Sans,sans-serif
Zen Kaku Gothic Antique,sans-serif
Georama,sans-serif
Besley,serif
Londrina Solid,display
Cuprum,sans-serif
Mada,sans-serif
Reddit Sans Condensed,sans-serif
Anek Latin,sans-serif
Alice,serif
Nothing You Could Do,handwriting
Amita,handwriting
Bad Script,handwriting
Shippori Mincho B1,serif
Adamina,serif
Economica,sans-serif
Belanosima,sans-serif
Fira Sans Extra Condensed,sans-serif
Calistoga,display
Taviraj,serif
Alegreya Sans SC,sans-serif
Pangolin,handwriting
Jua,sans-serif
Racing Sans One,display
Gochi Hand,handwriting
Pragati Narrow,sans-serif
Bowlby One SC,display
Caprasimo,display
Anek Bangla,sans-serif
Mona Sans,sans-serif
Kaisei Decol,serif
Marck Script,handwriting
Squada One,display
Mrs Saint Delafield,handwriting
Cabin Condensed,sans-serif
Ultra,serif
M PLUS 2,sans-serif
Funnel Display,display
Arapey,serif
Handlee,handwriting
Sriracha,handwriting
Murecho,sans-serif
Funnel Sans,sans-serif
Ms Madi,handwriting
Reem Kufi,sans-serif
REM,sans-serif
Damion,handwriting
IBM Plex Sans JP,sans-serif
Wix Madefor Display,sans-serif
Protest Revolution,display
Mandali,sans-serif
Palanquin Dark,sans-serif
Hachi Maru Pop,handwriting
Carter One,display
Gudea,sans-serif
Darker Grotesque,sans-serif
Martel Sans,sans-serif
Tilt Warp,display
Familjen Grotesk,sans-serif
Potta One,display
Palanquin,sans-serif
Cedarville Cursive,handwriting
Khula,sans-serif
Niramit,sans-serif
Pirata One,display
Pridi,serif
Leckerli One,handwriting
Julius Sans One,sans-serif
Limelight,display
Just Another Hand,handwriting
Chewy,display
Sofia,handwriting
Ruda,sans-serif
Atkinson Hyperlegible Next,sans-serif
Kiwi Maru,serif
MuseoModerno,display
Covered By Your Grace,handwriting
Aboreto,display
La Belle Aurore,handwriting
Skranji,display
Akshar,sans-serif
Andika,sans-serif
Italiana,sans-serif
Basic,sans-serif
Jersey 25,display
Itim,handwriting
Charm,handwriting
Shrikhand,display
Big Shoulders,display
Faster One,display
IM Fell English,serif
Fahkwang,sans-serif
Yuji Mai,serif
Krona One,sans-serif
Ovo,serif
Parkinsans,sans-serif
Neucha,handwriting
Bevan,serif
Fustat,sans-serif
Wix Madefor Text,sans-serif
Lemonada,display
Kreon,serif
Electrolize,sans-serif
Sarala,sans-serif
Ma Shan Zheng,handwriting
Sansita,sans-serif
Tomorrow,sans-serif
Seaweed Script,display
Noto Sans Gujarati,sans-serif
Boogaloo,display
Coda,display
Rufina,serif
Aldrich,sans-serif
Noto Sans Sinhala,sans-serif
UnifrakturMaguntia,display
Stardos Stencil,display
Secular One,sans-serif
Suez One,serif
Spline Sans,sans-serif
Cormorant Unicase,serif
BenchNine,sans-serif
Baloo Da 2,display
Germania One,display
Yrsa,serif
Gloock,serif
Quintessential,handwriting
Yatra One,display
Livvic,sans-serif
Do Hyeon,sans-serif
Charis SIL,serif
Rye,display
Caudex,serif
Balsamiq Sans,display
BIZ UDGothic,sans-serif
Carlito,sans-serif
Inria Serif,serif
Lacquer,display
Radley,serif
Libre Caslon Display,serif
ZCOOL KuaiLe,sans-serif
Special Gothic Expanded One,sans-serif
Anuphan,sans-serif
Bona Nova SC,serif
Tiro Bangla,serif
K2D,sans-serif
Tektur,display
Geo,sans-serif
Herr Von Muellerhoff,handwriting
Grandstander,display
Glegoo,serif
Proza Libre,sans-serif
Oooh Baby,handwriting
Pixelify Sans,display
Barriecito,display
Allison,handwriting
Sarina,display
Shadows Into Light Two,handwriting
Rozha One,serif
Castoro,serif
Marcellus SC,serif
Pontano Sans,sans-serif
Averia Libre,display
Lateef,serif
Days One,sans-serif
Corben,display
Noto Sans Meetei Mayek,sans-serif
Sofia Sans Semi Condensed,sans-serif
Trirong,serif
ADLaM Display,display
Athiti,sans-serif
Sintony,sans-serif
Gantari,sans-serif
Judson,serif
Podkova,serif
Klee One,handwriting
Vina Sans,display
Bowlby One,display
Aclonica,sans-serif
Spinnaker,sans-serif
Chiron GoRound TC,sans-serif
Laila,serif
Niconne,handwriting
Arbutus Slab,serif
Cabin Sketch,display
IM Fell English SC,serif
Glory,sans-serif
ZCOOL QingKe HuangYou,sans-serif
PT Serif Caption,serif
Metrophobic,sans-serif
IBM Plex Sans KR,sans-serif
Ibarra Real Nova,serif
Bokor,display
Gowun Batang,serif
Bellefair,serif
Armata,sans-serif
Noto Sans Kannada,sans-serif
Noto Sans Gurmukhi,sans-serif
Pattaya,sans-serif
Noto Sans Myanmar,sans-serif
DotGothic16,sans-serif
Fredericka the Great,display
Candal,sans-serif
Mali,handwriting
Radio Canada Big,sans-serif
ZCOOL XiaoWei,sans-serif
Kameron,serif
Hina Mincho,serif
Nixie One,display
Grenze Gotisch,display
Lexend Exa,sans-serif
Zalando Sans,sans-serif
Cormorant Upright,serif
Special Gothic Condensed One,sans-serif
Lexend Peta,sans-serif
Kosugi,sans-serif
BIZ UDPMincho,serif
Norican,handwriting
AR One Sans,sans-serif
DynaPuff,display
Share,sans-serif
Bentham,serif
Karma,serif
Hepta Slab,serif
Pathway Extreme,sans-serif
Cal Sans,sans-serif
Style Script,handwriting
Rancho,handwriting
Nobile,sans-serif
Nanum Brush Script,handwriting
Noto Serif Georgian,serif
Cantata One,serif
Wallpoet,display
Yesteryear,handwriting
Petit Formal Script,handwriting
Alef,sans-serif
Oranienbaum,serif
Special Gothic,sans-serif
Brygada 1918,serif
Dawning of a New Day,handwriting
Allerta Stencil,sans-serif
Mochiy Pop One,sans-serif
Chonburi,display
Knewave,display
Annie Use Your Telescope,handwriting
Grand Hotel,handwriting
Original Surfer,display
Antic Didone,serif
Caladea,serif
Trocchi,serif
RocknRoll One,sans-serif
Silkscreen,display
Markazi Text,serif
Goudy Bookletter 1911,serif
Noto Sans Oriya,sans-serif
Schoolbell,handwriting
Cormorant SC,serif
Coming Soon,handwriting
Ephesis,handwriting
Rampart One,display
Fjord One,serif
Amiko,sans-serif
Graduate,serif
Sedgwick Ave Display,handwriting
Telex,sans-serif
Noto Emoji,sans-serif
Yusei Magic,sans-serif
Rosario,sans-serif
Honk,display
Afacad Flux,sans-serif
Enriqueta,serif
Kristi,handwriting
Arizonia,handwriting
Noto Sans Georgian,sans-serif
Halant,serif
Alegreya SC,serif
Average Sans,sans-serif
Zen Antique,serif
Fondamento,handwriting
Teachers,sans-serif
Young Serif,serif
Alatsi,sans-serif
Qwitcher Grypen,handwriting
Calligraffitti,handwriting
Almendra,serif
Uncial Antiqua,display
BioRhyme,serif
Allerta,sans-serif
Sniglet,display
Sigmar One,display
Waiting for the Sunrise,handwriting
Elsie,display
Over the Rainbow,handwriting
Marvel,sans-serif
Bellota Text,display
Mansalva,handwriting
Anton SC,sans-serif
Irish Grover,display
Zalando Sans Expanded,sans-serif
Montagu Slab,serif
Maitree,serif
Baloo Thambi 2,display
Rouge Script,handwriting
Koulen,display
Vujahday Script,handwriting
Noto Serif Devanagari,serif
Agbalumo,display
Slackey,display
Mouse Memoirs,sans-serif
Bubblegum Sans,display
TikTok Sans,sans-serif
Hanuman,serif
Overlock,display
Playpen Sans,handwriting
Inria Sans,sans-serif
Rubik Dirt,display
Recursive,sans-serif
Rakkas,display
Kantumruy Pro,sans-serif
Macondo,display
Scada,sans-serif
Cairo Play,sans-serif
Megrim,display
Cherry Bomb One,display
Love Ya Like A Sister,display
Monsieur La Doulaise,handwriting
Lexend Zetta,sans-serif
Flow Circular,display
Aref Ruqaa,serif
Beth Ellen,handwriting
Turret Road,display
Corinthia,handwriting
Kurale,serif
Average,serif
Poller One,display
Hurricane,handwriting
Bayon,sans-serif
Vesper Libre,serif
Copse,serif
Zen Dots,display
Poetsen One,display
Tiro Devanagari Hindi,serif
Hahmlet,serif
Noto Serif Thai,serif
Akatab,sans-serif
Marmelad,sans-serif
Manjari,sans-serif
Nokora,sans-serif
Scheherazade New,serif
Tilt Neon,display
Mountains of Christmas,display
Bungee Inline,display
Oleo Script Swash Caps,display
Meow Script,handwriting
KoHo,sans-serif
Baloo Bhai 2,display
Red Rose,display
Croissant One,display
Hedvig Letters Serif,serif
Noto Sans Warang Citi,sans-serif
Delius Unicase,handwriting
Contrail One,display
Anek Devanagari,sans-serif
Jockey One,sans-serif
Kodchasan,sans-serif
Baloo Bhaijaan 2,display
Battambang,display
Noto Sans Ol Chiki,sans-serif
Metamorphous,display
B612,sans-serif
Kadwa,serif
Libertinus Serif,serif
Bungee Spice,display
Noto Sans Thai Looped,sans-serif
Rambla,sans-serif
Rochester,handwriting
IBM Plex Sans Hebrew,sans-serif
Meddon,handwriting
Birthstone,handwriting
Zen Antique Soft,serif
Gabriela,serif
Spectral SC,serif
Sansita Swashed,display
Carrois Gothic,sans-serif
David Libre,serif
Libertinus Math,display
Ruslan Display,display
Give You Glory,handwriting
MedievalSharp,display
Vibur,handwriting
Anybody,display
Gowun Dodum,sans-serif
IM Fell DW Pica,serif
Magra,sans-serif
Mukta Mahee,sans-serif
Farro,sans-serif
Baloo Tamma 2,display
Rasa,serif
Baloo Chettan 2,display
Boldonse,display
Inclusive Sans,sans-serif
Coiny,display
Aguafina Script,handwriting
Square Peg,handwriting
Rubik Doodle Shadow,display
Kaisei Opti,serif
Zalando Sans SemiExpanded,sans-serif
Walter Turncoat,handwriting
Alike,serif
Viaoda Libre,display
Asar,serif
Nova Square,display
Miriam Libre,sans-serif
Zen Kurenaido,sans-serif
Inknut Antiqua,serif
Coustard,serif
Codystar,display
Fauna One,serif
Fanwood Text,serif
Sunflower,sans-serif
Fuzzy Bubbles,handwriting
Shantell Sans,display
Platypi,serif
Fontdiner Swanky,display
Qwigley,handwriting
Asul,serif
STIX Two Math,serif
Mr De Haviland,handwriting
Yuji Syuku,serif
Supermercado One,display
Gotu,sans-serif
Gaegu,handwriting
Grape Nuts,handwriting
Happy Monkey,display
Bungee Shade,display
Sue Ellen Francisco,handwriting
Fasthand,display
Jomhuria,display
SUSE,sans-serif
Kalnia,serif
Lily Script One,display
Cambay,sans-serif
Vast Shadow,serif
Gurajada,sans-serif
Euphoria Script,handwriting
Allan,display
Zain,sans-serif
Jaldi,sans-serif
Bitcount Prop Single,display
Fresca,sans-serif
Holtwood One SC,serif
Henny Penny,display
Piazzolla,serif
Amarante,display
Noto Sans Armenian,sans-serif
Della Respira,serif
Vollkorn SC,serif
Stick No Bills,sans-serif
Mukta Vaani,sans-serif
Arima,display
Capriola,sans-serif
Unkempt,display
Poly,serif
Pompiere,display
Thasadith,sans-serif
Averia Sans Libre,display
Nosifer,display
Quando,serif
Cutive,serif
Tenali Ramakrishna,sans-serif
Expletus Sans,display
Frijole,display
Comic Relief,display
Puritan,sans-serif
Slabo 13px,serif
Prosto One,display
Nata Sans,sans-serif
Noto Sans Symbols 2,sans-serif
Brawler,serif
Nerko One,handwriting
Rubik Spray Paint,display
Moon Dance,handwriting
Bagel Fat One,display
Finger Paint,display
Noto Sans Lao,sans-serif
McLaren,display
Gamja Flower,handwriting
Shippori Antique,sans-serif
Montez,handwriting
Buenard,serif
Crafty Girls,handwriting
MonteCarlo,handwriting
Anek Malayalam,sans-serif
Voltaire,sans-serif
Cambo,serif
Solway,serif
Mallanna,sans-serif
Kufam,sans-serif
Tienne,serif
Redressed,handwriting
Denk One,sans-serif
Molengo,sans-serif
Inder,sans-serif
Arya,sans-serif
League Script,handwriting
Padauk,sans-serif
Cherry Cream Soda,display
Voces,sans-serif
Bilbo Swash Caps,handwriting
The Girl Next Door,handwriting
Charmonman,handwriting
Carattere,handwriting
Anta,sans-serif
Antic,sans-serif
Numans,sans-serif
Sour Gummy,sans-serif
Freeman,display
Rubik Glitch,display
Odibee Sans,display
Licorice,handwriting
Song Myung,serif
Doppio One,sans-serif
Ysabeau Office,sans-serif
Asta Sans,sans-serif
Meie Script,handwriting
Anaheim,sans-serif
Sunshiney,handwriting
Freehand,display
New Rocker,display
Bigshot One,display
Dynalight,display
Iceberg,display
Moul,display
Kelly Slab,display
Road Rage,display
Oregano,display
Orelega One,display
Aladin,display
Zhi Mang Xing,handwriting
Mogra,display
Modak,display
Kranky,display
Grenze,serif
Alike Angular,serif
Wire One,sans-serif
Sarpanch,sans-serif
Protest Strike,display
Atma,display
Noto Serif Khojki,serif
Balthazar,serif
Julee,handwriting
Bakbak One,display
Mako,sans-serif
Griffy,display
Whisper,handwriting
Prociono,serif
Long Cang,handwriting
Imprima,sans-serif
Goblin One,display
Mohave,sans-serif
Abyssinica SIL,serif
IM Fell Double Pica,serif
Shojumaru,display
Edu SA Beginner,handwriting
Delicious Handrawn,handwriting
Artifika,serif
Baloo Paaji 2,display
Aoboshi One,serif
Modern Antiqua,display
Just Me Again Down Here,handwriting
Doto,sans-serif
Patrick Hand SC,handwriting
Tiny5,sans-serif
Poltawski Nowy,serif
Gluten,display
Swanky and Moo Moo,handwriting
Sedgwick Ave,handwriting
Train One,display
Suranna,serif
Poor Story,display
Rosarivo,serif
Sumana,serif
Wendy One,sans-serif
Port Lligat Sans,sans-serif
Federo,sans-serif
Bona Nova,serif
Nova Round,display
Mina,sans-serif
Salsa,display
Mochiy Pop P One,sans-serif
Yomogi,handwriting
Mirza,serif
Maiden Orange,serif
Loved by the King,handwriting
Life Savers,display
IM Fell French Canon,serif
Kablammo,display
Rubik Bubbles,display
Shanti,sans-serif
Kulim Park,sans-serif
Crushed,display
WindSong,handwriting
Bonheur Royale,handwriting
Metal Mania,display
UnifrakturCook,display
Baloo Tammudu 2,display
Galada,display
Lexend Mega,sans-serif
Nova Flat,display
Sansation,sans-serif
Kaisei Tokumin,serif
Madimi One,sans-serif
Noto Serif HK,serif
Sail,display
Ysabeau SC,sans-serif
Esteban,serif
Reggae One,display
Waterfall,handwriting
Peralta,serif
Bellota,display
Cherry Swash,display
NTR,sans-serif
Sancreek,display
IM Fell Great Primer,serif
Trade Winds,display
Ribeye,display
Clicker Script,handwriting
Mooli,sans-serif
Luxurious Script,handwriting
Scope One,serif
The Nautigal,handwriting
Noto Sans Ethiopic,sans-serif
Truculenta,sans-serif
Phudu,display
Iceland,display
Ledger,serif
Asset,display
Habibi,serif
Jersey 10,display
IM Fell DW Pica SC,serif
Alan Sans,sans-serif
IBM Plex Sans Devanagari,sans-serif
Manuale,serif
Borel,handwriting
Sulphur Point,sans-serif
Miltonian,display
Fuggles,handwriting
Montaga,serif
Karantina,display
Noto Serif Tamil,serif
Protest Riot,display
Birthstone Bounce,handwriting
Science Gothic,sans-serif
Gayathri,sans-serif
IBM Plex Sans Thai Looped,sans-serif
Amethysta,serif
Stick,sans-serif
Liu Jian Mao Cao,handwriting
Spicy Rice,display
Lemon,display
TASA Orbiter,sans-serif
Jaro,sans-serif
Smythe,display
Nova Oval,display
Carme,sans-serif
Alkatra,display
Dokdo,display
Nova Slim,display
Gentium Book Plus,serif
Galindo,display
Edu TAS Beginner,handwriting
Headland One,serif
Baumans,display
Gasoek One,sans-serif
Solitreo,handwriting
Hubot Sans,sans-serif
Gugi,display
Hi Melody,handwriting
Elms Sans,sans-serif
Agdasima,sans-serif
Mynerve,handwriting
Short Stack,handwriting
Chicle,display
Baloo Bhaina 2,display
Medula One,display
Noto Sans Caucasian Albanian,sans-serif
Anek Tamil,sans-serif
IM Fell Double Pica SC,serif
Ranchers,display
Sevillana,display
Overlock SC,display
Duru Sans,sans-serif
Stylish,sans-serif
Kavoon,display
Fenix,serif
Sekuya,display
Chau Philomene One,sans-serif
Stack Sans Text,sans-serif
Orienta,sans-serif
Mozilla Headline,sans-serif
BhuTuka Expanded One,serif
Badeen Display,display
Notable,sans-serif
Genos,sans-serif
Raleway Dots,display
Atomic Age,display
IM Fell French Canon SC,serif
Kenia,display
IM Fell Great Primer SC,serif
Emilys Candy,display
Eagle Lake,handwriting
Akronim,display
Homenaje,sans-serif
BIZ UDMincho,serif
Comme,sans-serif
Stalemate,handwriting
Tauri,sans-serif
Trispace,sans-serif
Stack Sans Headline,sans-serif
Londrina Outline,display
Gemunu Libre,sans-serif
Kdam Thmor Pro,sans-serif
Miniver,display
Pavanam,sans-serif
Sigmar,display
East Sea Dokdo,handwriting
Baskervville SC,serif
Jolly Lodger,display
Faculty Glyphic,sans-serif
Caesar Dressing,display
Khmer,sans-serif
Freckle Face,display
Miltonian Tattoo,display
Astloch,display
Ceviche One,display
Liter,sans-serif
Lavishly Yours,handwriting
Harmattan,sans-serif
Vampiro One,display
Beau Rivage,handwriting
Rationale,sans-serif
Chocolate Classical Sans,sans-serif
Gorditas,display
Nova Cut,display
Noto Serif Malayalam,serif
Convergence,sans-serif
Ruthie,handwriting
Bitcount Single,display
Pliant,sans-serif
Devonshire,handwriting
Mozilla Text,sans-serif
Nova Script,display
Benne,serif
Kavivanar,handwriting
Playwrite US Trad,handwriting
Anek Kannada,sans-serif
Hedvig Letters Sans,sans-serif
Varta,sans-serif
Noto Sans Elbasan,sans-serif
Shippori Antique B1,sans-serif
Ballet,handwriting
Imbue,serif
Gafata,sans-serif
Tiro Devanagari Sanskrit,serif
Chela One,display
Noto Sans Khudawadi,sans-serif
Noto Serif Kannada,serif
Gupter,serif
Fascinate,display
Darumadrop One,display
Macondo Swash Caps,display
Yeon Sung,display
Delius Swash Caps,handwriting
Timmana,sans-serif
Zilla Slab Highlight,serif
Jomolhari,serif
Belgrano,serif
Ysabeau,sans-serif
Momo Trust Sans,sans-serif
Alkalami,serif
Akaya Kanadaka,display
LXGW WenKai TC,handwriting
Single Day,display
Imperial Script,handwriting
Dangrek,display
Smooch,handwriting
Island Moments,handwriting
Qahiri,sans-serif
Stint Ultra Condensed,serif
Winky Sans,sans-serif
Anek Gujarati,sans-serif
Sree Krushnadevaraya,serif
Mea Culpa,handwriting
Edu NSW ACT Cursive,handwriting
Margarine,display
Katibeh,display
Comforter,handwriting
Playwrite CU,handwriting
Redacted,display
Noto Sans Math,sans-serif
Strait,sans-serif
Passions Conflict,handwriting
Rubik Scribble,display
Noto Sans Thaana,sans-serif
Noto Music,sans-serif
Junge,serif
Zen Tokyo Zoo,display
Dai Banna SIL,serif
Sahitya,serif
Barrio,display
Joan,serif
Englebert,sans-serif
Suwannaphum,serif
Erica One,display
Noto Sans Canadian Aboriginal,sans-serif
Lovers Quarrel,handwriting
Srisakdi,display
Lugrasimo,handwriting
Tac One,sans-serif
Braah One,sans-serif
Cactus Classical Serif,serif
Wittgenstein,serif
Cute Font,display
Kapakana,handwriting
Nabla,display
Moderustic,sans-serif
Noto Serif Telugu,serif
Rum Raisin,sans-serif
Noto Sans Buhid,sans-serif
Stoke,serif
Underdog,display
Sura,serif
Noto Sans Tai Viet,sans-serif
Handjet,display
Playwrite DE Grund,handwriting
Playwrite NO,handwriting
Gentium Plus,serif
Amiri Quran,serif
Port Lligat Slab,serif
Yuji Boku,serif
Cagliostro,sans-serif
Mate SC,serif
Unlock,display
Beiruti,sans-serif
Playwrite IN,handwriting
Cantora One,sans-serif
Mystery Quest,display
Akaya Telivigala,display
Girassol,display
Akt,sans-serif
Engagement,handwriting
Montserrat Underline,sans-serif
Sono,sans-serif
Paprika,display
Geostar Fill,display
Carrois Gothic SC,sans-serif
Bodoni Moda SC,serif
Huninn,sans-serif
Libertinus Sans,sans-serif
Gwendolyn,handwriting
Siemreap,sans-serif
Marhey,display
Odor Mean Chey,serif
Noto Sans Tagalog,sans-serif
Kaisei HarunoUmi,serif
Seymour One,sans-serif
Anek Gurmukhi,sans-serif
Glass Antiqua,display
Geom,sans-serif
Nuosu SIL,sans-serif
Kotta One,serif
Climate Crisis,display
Caramel,handwriting
Playwrite IS,handwriting
Content,display
Text Me One,sans-serif
Story Script,sans-serif
Flamenco,display
My Soul,handwriting
Jersey 15,display
Sonsie One,display
Festive,handwriting
Spirax,display
Water Brush,handwriting
Tillana,display
National Park,sans-serif
Simonetta,display
Keania One,display
Diphylleia,serif
Bilbo,handwriting
Yaldevi,sans-serif
Jacquard 12,display
Manufacturing Consent,display
SN Pro,sans-serif
Edu AU VIC WA NT Guides,handwriting
Jacques Francois,serif
Chilanka,handwriting
Playpen Sans Arabic,handwriting
Dekko,handwriting
Gulzar,serif
Praise,handwriting
Noto Sans Old Hungarian,sans-serif
Risque,display
Linden Hill,serif
Orbit,sans-serif
Farsan,display
Ramaraja,serif
Romanesco,handwriting
Tourney,display
Federant,display
Rubik Wet Paint,display
Noto Serif Hebrew,serif
Playwrite GB S,handwriting
Offside,display
Noto Serif Ahom,serif
Stint Ultra Expanded,serif
Almendra SC,serif
Inika,serif
Shalimar,handwriting
Bruno Ace SC,display
Tiro Devanagari Marathi,serif
Koh Santepheap,serif
Bruno Ace,display
Noto Sans Linear A,sans-serif
Dorsa,sans-serif
Lexend Tera,sans-serif
Castoro Titling,display
Autour One,display
Ysabeau Infant,sans-serif
Texturina,serif
Playwrite VN Guides,handwriting
Condiment,handwriting
Reem Kufi Fun,sans-serif
Momo Trust Display,sans-serif
Sirin Stencil,display
Kite One,sans-serif
Emblema One,display
Tilt Prism,display
Noto Sans Samaritan,sans-serif
Comforter Brush,handwriting
Noto Sans Javanese,sans-serif
BBH Bartle,sans-serif
Rubik Moonrocks,display
Anek Odia,sans-serif
New Tegomin,serif
Smokum,display
Alumni Sans Pinstripe,sans-serif
Vend Sans,sans-serif
Playwrite VN,handwriting
WDXL Lubrifont JP N,sans-serif
Piedra,display
Chathura,sans-serif
Send Flowers,handwriting
Jacques Francois Shadow,display
Luxurious Roman,display
Fascinate Inline,display
Marko One,serif
Bungee Hairline,display
Ravi Prakash,display
Ewert,display
Bungee Outline,display
Noto Serif Khmer,serif
Fleur De Leah,handwriting
Wellfleet,serif
Noto Sans Sora Sompeng,sans-serif
Preahvihear,sans-serif
Donegal One,serif
Plaster,display
Dhurjati,sans-serif
Averia Gruesa Libre,display
Inspiration,handwriting
Noto Sans Mende Kikakui,sans-serif
Big Shoulders Stencil,display
Noto Serif Armenian,serif
Bubbler One,sans-serif
Bigelow Rules,display
Meera Inimai,sans-serif
Arbutus,serif
Dr Sugiyama,handwriting
Felipa,handwriting
Milonga,display
Ancizar Serif,serif
Galdeano,sans-serif
Chiron Hei HK,sans-serif
Londrina Shadow,display
Edu AU VIC WA NT Hand,handwriting
Tiro Kannada,serif
Jim Nightshade,handwriting
Diplomata,display
Noto Serif Gujarati,serif
Fruktur,display
Noto Sans Avestan,sans-serif
Ruluko,sans-serif
Alumni Sans SC,sans-serif
Miss Fajardose,handwriting
Trykker,serif
Playwrite IE,handwriting
Oi,display
Babylonica,handwriting
Metal,display
Hubballi,sans-serif
Noto Sans Gothic,sans-serif
Joti One,display
Jersey 20,display
Almendra Display,display
Noto Sans Osmanya,sans-serif
Tulpen One,display
Purple Purse,display
Buda,display
Kumar One,display
Alumni Sans Collegiate One,sans-serif
Neonderthaw,handwriting
Noto Serif Tibetan,serif
Noto Serif Lao,serif
Momo Signature,sans-serif
Noto Serif Sinhala,serif
GFS Neohellenic,sans-serif
Lakki Reddy,handwriting
Kirang Haerang,display
Reem Kufi Ink,sans-serif
Butcherman,display
Noto Sans Lao Looped,sans-serif
Ranga,display
Updock,handwriting
Playwrite AU NSW,handwriting
Elsie Swash Caps,display
Konkhmer Sleokchher,display
Micro 5,display
Tiro Gurmukhi,serif
New Amsterdam,sans-serif
Aref Ruqaa Ink,serif
Foldit,display
WDXL Lubrifont SC,sans-serif
Princess Sofia,handwriting
Sofadi One,display
Bacasime Antique,serif
Tiro Telugu,serif
Gideon Roman,display
Revalia,display
Lunasima,sans-serif
Noto Sans Glagolitic,sans-serif
Epunda Sans,sans-serif
Grey Qo,handwriting
Diplomata SC,display
Noto Sans Tangsa,sans-serif
Mr Bedfort,handwriting
Kedebideri,sans-serif
Arsenal SC,sans-serif
Noto Serif Yezidi,serif
Rubik Distressed,display
Taprom,display
Ribeye Marrow,display
Rubik Iso,display
Playwrite US Modern,handwriting
Stalinist One,display
Tsukimi Rounded,sans-serif
Ancizar Sans,sans-serif
Passero One,display
Noto Sans Anatolian Hieroglyphs,sans-serif
Edu VIC WA NT Beginner,handwriting
Love Light,handwriting
Stack Sans Notch,sans-serif
Rubik Pixels,display
Ponomar,display
Bitcount Ink,display
Sedan SC,serif
BioRhyme Expanded,serif
Bpmf Huninn,sans-serif
Noto Sans Balinese,sans-serif
TASA Explorer,sans-serif
Gidugu,sans-serif
Lancelot,display
Bahiana,display
Zen Loop,display
Noto Sans Adlam,sans-serif
Bitcount Grid Double,display
Twinkle Star,handwriting
Playwrite AU SA,handwriting
Rhodium Libre,serif
Peddana,serif
Oldenburg,display
Ojuju,sans-serif
Noto Rashi Hebrew,serif
Edu NSW ACT Foundation,handwriting
Bonbon,handwriting
Alumni Sans Inline One,display
Uchen,serif
Cause,handwriting
Noto Sans Syriac,sans-serif
Shizuru,display
Flavors,display
Trochut,display
Molle,handwriting
Hanalei Fill,display
Iansui,handwriting
Vibes,display
Cossette Texte,sans-serif
Blaka,display
Noto Sans Mongolian,sans-serif
Londrina Sketch,display
Bitcount Grid Single,display
Matemasie,sans-serif
Rubik Vinyl,display
Noto Sans Hanunoo,sans-serif
Triodion,display
Cherish,handwriting
Jacquard 24,display
Sedan,serif
Kumar One Outline,display
Gidole,sans-serif
Noto Sans Batak,sans-serif
Geist Pixel,display
Alyamama,serif
Are You Serious,handwriting
Noto Sans Coptic,sans-serif
Snippet,sans-serif
Black And White Picture,display
Cossette Titre,sans-serif
Chenla,display
Mrs Sheppards,handwriting
Kings,handwriting
Playwrite RO,handwriting
Rubik Gemstones,display
Rubik Glitch Pop,display
Playwrite AU QLD,handwriting
Flow Rounded,display
Amarna,sans-serif
Kolker Brush,handwriting
Agu Display,display
Moulpali,sans-serif
Grechen Fuemen,handwriting
Playwrite CA,handwriting
Lumanosimo,handwriting
Tiro Tamil,serif
Tai Heritage Pro,serif
Protest Guerrilla,display
Playwrite AT,handwriting
Gveret Levin,handwriting
Noto Serif Ethiopic,serif
Butterfly Kids,handwriting
Rubik Puddles,display
Epunda Slab,serif
Chiron Sung HK,serif
Noto Sans Cypro Minoan,sans-serif
Noto Sans Pahawh Hmong,sans-serif
Rubik Beastly,display
Noto Sans Cherokee,sans-serif
Splash,handwriting
Explora,handwriting
Noto Sans Kaithi,sans-serif
Flow Block,display
Danfo,serif
Bytesized,sans-serif
Parastoo,serif
Aubrey,display
Suravaram,serif
Playwrite NZ Basic,handwriting
Rubik 80s Fade,display
Edu AU VIC WA NT Dots,handwriting
Tagesschrift,display
Noto Sans Syloti Nagri,sans-serif
Noto Sans Bhaiksuki,sans-serif
Playwrite DK Uloopet,handwriting
Noto Serif Vithkuqi,serif
Jacquarda Bastarda 9,display
Ga Maamli,display
Bungee Tint,display
Combo,display
Sassy Frass,handwriting
Noto Serif Tangut,serif
Rubik Burned,display
Gajraj One,display
Playwrite HR,handwriting
Redacted Script,display
Playwrite PL,handwriting
Noto Sans Shavian,sans-serif
Noto Serif Dogra,serif
BBH Bogle,sans-serif
WDXL Lubrifont TC,sans-serif
Ruwudu,serif
Rubik Doodle Triangles,display
Noto Serif Toto,serif
Ole,handwriting
Noto Sans Lydian,sans-serif
LXGW Marker Gothic,sans-serif
Langar,display
Big Shoulders Inline,display
Noto Sans Marchen,sans-serif
Noto Sans Carian,sans-serif
Playwrite DK Loopet,handwriting
Geostar,display
Petemoss,handwriting
Noto Sans Vithkuqi,sans-serif
Noto Sans Multani,sans-serif
Annapurna SIL,serif
Snowburst One,display
Estonia,handwriting
Geomini,sans-serif
Phetsarath,sans-serif
Labrada,serif
Rubik Maze,display
Bahianita,display
Karla Tamil Inclined,sans-serif
Playwrite HU,handwriting
Bitcount,display
Playwrite DE SAS,handwriting
Playwrite ZA,handwriting
Asimovian,sans-serif
Noto Sans NKo,sans-serif
Edu VIC WA NT Hand,handwriting
Noto Serif Myanmar,serif
Kalnia Glaze,display
Rock 3D,display
Noto Sans Sunuwar,sans-serif
Slackside One,handwriting
Tapestry,handwriting
Palette Mosaic,display
Coral Pixels,display
Ruge Boogie,handwriting
Menbere,sans-serif
Playwrite AR,handwriting
Noto Sans Takri,sans-serif
Playpen Sans Hebrew,handwriting
Noto Sans Old Permic,sans-serif
Mingzat,sans-serif
Noto Sans Duployan,sans-serif
Edu VIC WA NT Hand Pre,handwriting
Syne Tactile,display
Noto Serif Makasar,serif
Noto Sans Adlam Unjoined,sans-serif
Noto Sans Egyptian Hieroglyphs,sans-serif
Moirai One,display
UoqMunThenKhung,serif
M PLUS U,sans-serif
BBH Hegarty,sans-serif
Edu QLD Beginner,handwriting
Playwrite AU TAS,handwriting
Playwrite GB J,handwriting
Noto Sans Old Turkic,sans-serif
Chokokutai,display
Winky Rough,sans-serif
Ingrid Darling,handwriting
Lisu Bosa,serif
Noto Serif Balinese,serif
Rubik Marker Hatch,display
Saira Stencil,display
Rubik Microbe,display
Rubik Broken Fax,display
Edu AU VIC WA NT Pre,handwriting
Playwrite NL,handwriting
Playwrite IT Moderna,handwriting
BJCree,serif
Noto Sans Yi,sans-serif
Noto Serif Dives Akuru,serif
Miranda Sans,sans-serif
Shafarik,display
Playwrite FR Moderne,handwriting
Sirivennela,sans-serif
Puppies Play,handwriting
Playwrite MX,handwriting
Grandiflora One,serif
Playwrite MX Guides,handwriting
Noto Traditional Nushu,sans-serif
Noto Sans Nag Mundari,sans-serif
Estedad,sans-serif
Linefont,display
Hind Mysuru,sans-serif
Savate,sans-serif
Noto Sans Old Italic,sans-serif
Rubik Maps,display
Libertinus Serif Display,display
Bitcount Prop Double Ink,display
Moo Lah Lah,display
Playwrite PT,handwriting
Noto Sans Syriac Eastern,sans-serif
Playwrite ES,handwriting
Noto Serif Oriya,serif
Noto Sans Runic,sans-serif
Tirra,sans-serif
Noto Serif Gurmukhi,serif
Ponnala,display
Montenegrin Gothic One,serif
Edu SA Hand,handwriting
Strichpunkt Sans,sans-serif
Bitcount Single Ink,display
Playpen Sans Deva,handwriting
Playpen Sans Thai,handwriting
Narnoor,sans-serif
Noto Sans Bamum,sans-serif
Noto Sans Medefaidrin,sans-serif
Noto Sans New Tai Lue,sans-serif
Wavefont,display
Finlandica Text,sans-serif
Namdhinggo,serif
Noto Sans Nandinagari,sans-serif
Sankofa Display,sans-serif
Exile,display
Noto Sans Elymaic,sans-serif
Maname,serif
Noto Sans Tai Le,sans-serif
Noto Sans Palmyrene,sans-serif
Hanalei,display
Blaka Ink,display
Playwrite BE VLG,handwriting
Kay Pho Du,serif
Playwrite HR Lijeva,handwriting
Playwrite AU VIC,handwriting
Playwrite DE SAS Guides,handwriting
Noto Sans Tifinagh,sans-serif
Noto Sans Brahmi,sans-serif
Jersey 10 Charted,display
Allkin,display
Jacquard 12 Charted,display
Noto Sans Osage,sans-serif
Noto Sans Lisu,sans-serif
Playwrite DE LA Guides,handwriting
Noto Sans Grantha,sans-serif
Yuyu,handwriting
Karla Tamil Upright,sans-serif
Noto Sans Wancho,sans-serif
Bitcount Grid Single Ink,display
Playwrite NZ,handwriting
Jaini Purva,display
Rubik Storm,display
Noto Sans Nabataean,sans-serif
Noto Serif Ottoman Siyaq,serif
Playwrite SK,handwriting
Noto Serif Khitan Small Script,serif
Yuyu Short,handwriting
Jaini,display
Rubik Lines,display
Yuji Hentaigana Akari,handwriting
Noto Sans Old Persian,sans-serif
Blaka Hollow,display
Noto Serif Hentaigana,serif
Noto Sans Indic Siyaq Numbers,sans-serif
Noto Sans Sundanese,sans-serif
Bitcount Prop Double,display
Warnes,display
Betania Patmos,handwriting
Noto Sans Old North Arabian,sans-serif
Noto Sans Cuneiform,sans-serif
Noto Sans NKo Unjoined,sans-serif
Playwrite NG Modern,handwriting
Tuffy,sans-serif
Playwrite ID,handwriting
Bitcount Prop Single Ink,display
Noto Sans Miao,sans-serif
Edu AU VIC WA NT Arrows,handwriting
Noto Sans Mahajani,sans-serif
Noto Serif NP Hmong,serif
Noto Znamenny Musical Notation,sans-serif
Edu NSW ACT Hand Pre,handwriting
Noto Sans Newa,sans-serif
Noto Sans Siddham,sans-serif
Noto Sans Tamil Supplement,sans-serif
Playwrite NZ Guides,handwriting
Playwrite GB S Guides,handwriting
Noto Sans Hanifi Rohingya,sans-serif
Noto Sans Cham,sans-serif
Playwrite DE LA,handwriting
Bitcount Grid Double Ink,display
Noto Sans Khojki,sans-serif
Noto Sans Imperial Aramaic,sans-serif
Libertinus Keyboard,display
Noto Sans Inscriptional Parthian,sans-serif
Playwrite CO,handwriting
Playwrite TZ,handwriting
Noto Serif Grantha,serif
Padyakke Expanded One,serif
Playwrite BE WAL,handwriting
Noto Sans Meroitic,sans-serif
Noto Sans Zanabazar Square,sans-serif
Noto Serif Todhri,serif
Playwrite CO Guides,handwriting
Playwrite BR Guides,handwriting
Finlandica Headline,sans-serif
Noto Sans Tai Tham,sans-serif
Pochaevsk,display
Playwrite CZ,handwriting
Bpmf Iansui,handwriting
Matangi,sans-serif
Noto Sans Tagbanwa,sans-serif
Bpmf Zihi Kai Std,sans-serif
Noto Sans Inscriptional Pahlavi,sans-serif
Playwrite ES Deco,handwriting
Edu QLD Hand,handwriting
Jacquard 24 Charted,display
Noto Sans Kawi,sans-serif
Noto Sans Buginese,sans-serif
Noto Sans Sharada,sans-serif
Alien Block,display
Playwrite CL,handwriting
Playwrite PE,handwriting
Jersey 15 Charted,display
Noto Sans SignWriting,sans-serif
Noto Sans Sogdian,sans-serif
Playwrite GB J Guides,handwriting
Noto Sans Hatran,sans-serif
Noto Serif Old Uyghur,serif
Micro 5 Charted,display
Noto Sans Chakma,sans-serif
Idiqlat,serif
Noto Sans Old South Arabian,sans-serif
Noto Sans Rejang,sans-serif
Noto Sans Vai,sans-serif
Jersey 25 Charted,display
Playwrite BR,handwriting
Betania Patmos In,handwriting
Noto Sans Linear B,sans-serif
Noto Sans Ugaritic,sans-serif
Kanchenjunga,sans-serif
Noto Sans Mayan Numerals,sans-serif
Playwrite AU VIC Guides,handwriting
Noto Sans Cypriot,sans-serif
Noto Sans Bassa Vah,sans-serif
Noto Sans Syriac Western,sans-serif
Betania Patmos In GDL,handwriting
Playwrite US Trad Guides,handwriting
Noto Sans Tirhuta,sans-serif
Noto Sans Mro,sans-serif
Jersey 20 Charted,display
Betania Patmos GDL,handwriting
Yuji Hentaigana Akebono,handwriting
Noto Sans Mandaic,sans-serif
Yarndings 20 Charted,display
Noto Sans PhagsPa,sans-serif
Noto Sans Masaram Gondi,sans-serif
Noto Sans Gunjala Gondi,sans-serif
Noto Sans Modi,sans-serif
Noto Sans Nushu,sans-serif
Noto Sans Limbu,sans-serif
Noto Sans Psalter Pahlavi,sans-serif
Noto Sans Ogham,sans-serif
Yarndings 20,display
Noto Sans Phoenician,sans-serif
Playwrite PT Guides,handwriting
Noto Sans Kayah Li,sans-serif
Jacquarda Bastarda 9 Charted,display
Noto Sans Saurashtra,sans-serif
Playwrite PL Guides,handwriting
Playwrite IN Guides,handwriting
Noto Sans Pau Cin Hau,sans-serif
Noto Sans Chorasmian,sans-serif
Playwrite NZ Basic Guides,handwriting
Playwrite PE Guides,handwriting
Noto Sans Kharoshthi,sans-serif
Noto Sans Old Sogdian,sans-serif
Noto Sans Deseret,sans-serif
Noto Sans Lepcha,sans-serif
Noto Sans Soyombo,sans-serif
Playwrite FR Trad,handwriting
Noto Sans Manichaean,sans-serif
Yarndings 12,display
Playwrite IT Trad,handwriting
Ramsina,serif
Playwrite DE Grund Guides,handwriting
Playwrite BE WAL Guides,handwriting
Playwrite AR Guides,handwriting
Playwrite TZ Guides,handwriting
Playwrite IT Moderna Guides,handwriting
Playwrite CU Guides,handwriting
Playwrite DE VA,handwriting
Playwrite DE VA Guides,handwriting
Noto Sans Lycian,sans-serif
Playwrite IE Guides,handwriting
Yarndings 12 Charted,display
Playwrite FR Moderne Guides,handwriting
Playwrite DK Uloopet Guides,handwriting
Playwrite US Modern Guides,handwriting
Playwrite FR Trad Guides,handwriting
Playwrite ES Deco Guides,handwriting
Playwrite HU Guides,handwriting
Playwrite AU SA Guides,handwriting
Playwrite IT Trad Guides,handwriting
Playwrite AT Guides,handwriting
Playwrite HR Lijeva Guides,handwriting
Playwrite ID Guides,handwriting
Playwrite AU TAS Guides,handwriting
Playwrite ES Guides,handwriting
Playwrite IS Guides,handwriting
Playwrite DK Loopet Guides,handwriting
Playwrite CL Guides,handwriting
Playwrite NL Guides,handwriting
Playwrite CA Guides,handwriting
Playwrite NG Modern Guides,handwriting
Playwrite BE VLG Guides,handwriting
Playwrite SK Guides,handwriting
Playwrite ZA Guides,handwriting
Playwrite AU QLD Guides,handwriting
Playwrite NO Guides,handwriting
Playwrite AU NSW Guides,handwriting
Playwrite RO Guides,handwriting
Playwrite CZ Guides,handwriting
Playwrite HR Guides,handwriting
